-- ============================================
-- DATOS DE PRUEBA - ULTIMATE FITNESS
-- ============================================

USE ultimatefitness_db;

INSERT INTO `alimentos` (`id`, `nombre`, `tipo_alimento`, `descripcion`, `calorias`, `proteinas`, `carbohidratos`, `grasas`, `precio_kg`, `imagen_url`) VALUES
(1, 'Pechuga de pollo', 'proteina', 'Magro y alto en proteínas.', 165.00, 31.00, 0.00, 3.60, 8.50, NULL),
(2, 'Arroz integral', 'carbohidrato', 'Carbo complejo.', 365.00, 7.00, 76.00, 3.00, 1.20, NULL),
(3, 'Salmón', 'proteina', 'Pescado graso saludable.', 208.00, 20.00, 0.00, 13.00, 12.00, NULL),
(4, 'Avena', 'carbohidrato', 'Cereal integral rico en fibra.', 389.00, 16.00, 66.00, 7.00, 1.00, NULL),
(5, 'Huevo', 'proteina', 'Proteína completa.', 155.00, 13.00, 1.00, 11.00, 2.00, NULL),
(6, 'Quinoa', 'carbohidrato', 'Pseudo cereal rico en proteína.', 368.00, 14.00, 64.00, 6.00, 4.50, NULL),
(7, 'Pechuga de pavo', 'proteina', 'Carne blanca muy magra.', 135.00, 30.00, 0.00, 1.00, 9.00, NULL),
(8, 'Merluza', 'proteina', 'Pescado blanco bajo en grasa.', 82.00, 18.00, 0.00, 1.00, 7.50, NULL),
(9, 'Arroz blanco', 'carbohidrato', 'Carbohidrato rápido.', 360.00, 6.00, 80.00, 1.00, 1.00, NULL),
(10, 'Miel', 'carbohidrato', 'Endulzante natural.', 304.00, 0.00, 82.00, 0.00, 5.00, NULL),
(11, 'Leche desnatada', 'lacteo', 'Baja en grasa.', 35.00, 3.00, 5.00, 0.00, 0.90, NULL),
(12, 'Requesón light', 'lacteo', 'Queso bajo en grasa y alto en proteína.', 90.00, 12.00, 4.00, 3.00, 4.00, NULL),
(13, 'Anacardos', 'fruto_seco', 'Frutos secos calóricos.', 553.00, 18.00, 30.00, 44.00, 13.00, NULL),
(14, 'Nueces', 'fruto_seco', 'Omega 3 vegetal.', 654.00, 15.00, 14.00, 65.00, 12.50, NULL),
(15, 'Tomate', 'verdura', 'Muy bajo en calorías.', 18.00, 1.00, 4.00, 0.00, 1.50, NULL),
(16, 'Lechuga', 'verdura', 'Base para ensaladas.', 15.00, 1.00, 3.00, 0.00, 1.20, NULL),
(17, 'Zanahoria', 'verdura', 'Fuente de beta-carotenos.', 41.00, 1.00, 10.00, 0.00, 1.30, NULL),
(18, 'Pimiento rojo', 'verdura', 'Rico en vitamina C.', 31.00, 1.00, 6.00, 0.00, 2.00, NULL),
(19, 'Calabacín', 'verdura', 'Verdura ligera.', 17.00, 1.00, 3.00, 0.00, 1.80, NULL),
(20, 'Guisantes', 'legumbre', 'Buena mezcla de carbos y proteína.', 81.00, 5.00, 14.00, 1.00, 2.10, NULL),
(21, 'Pan de centeno', 'carbohidrato', 'Pan integral más denso.', 259.00, 9.00, 48.00, 3.00, 3.50, NULL),
(22, 'Proteína whey vainilla', 'proteina', 'Suplemento de proteína.', 400.00, 80.00, 10.00, 6.00, 15.00, NULL),
(23, 'Fresas', 'fruta', 'Fruta ligera.', 32.00, 1.00, 8.00, 0.00, 4.00, NULL),
(24, 'Naranja', 'fruta', 'Vitamina C.', 47.00, 1.00, 12.00, 0.00, 2.20, NULL),
(25, 'Agua con gas', 'bebida', 'Sin calorías.', 0.00, 0.00, 0.00, 0.00, 0.50, NULL),
(26, 'Pechuga de Pavo', 'proteina', 'Carne magra ideal para dietas.', 115.00, 24.00, 1.00, 1.00, 9.90, NULL),
(27, 'Merluza', 'proteina', 'Pescado blanco suave y bajo en grasa.', 82.00, 18.00, 0.00, 1.00, 12.00, NULL),
(28, 'Lomo de Cerdo', 'proteina', 'Corte magro de cerdo, rico en proteína.', 165.00, 30.00, 0.00, 4.00, 7.50, NULL),
(29, 'Queso Cottage', 'lacteo', 'Queso fresco alto en proteína.', 98.00, 11.00, 3.00, 4.00, 6.80, NULL),
(30, 'Claras de Huevo', 'proteina', 'Fuente pura de proteína.', 52.00, 11.00, 0.00, 0.00, 5.00, NULL),
(31, 'Tilapia', 'proteina', 'Pescado blanco suave y versátil.', 96.00, 20.00, 0.00, 2.00, 11.00, NULL),
(32, 'Garbanzos Cocidos', 'legumbre', 'Legumbre rica en carbohidratos y fibra.', 164.00, 9.00, 27.00, 3.00, 2.20, NULL),
(33, 'Lentejas Cocidas', 'legumbre', 'Rica en proteína vegetal y fibra.', 116.00, 9.00, 20.00, 0.00, 1.90, NULL),
(34, 'Edamame', 'legumbre', 'Soja tierna rica en proteína.', 120.00, 12.00, 10.00, 5.00, 4.50, NULL),
(35, 'Tofu Firme', 'proteina', 'Fuente vegetal alta en proteína.', 121.00, 14.00, 3.00, 7.00, 6.00, NULL),
(36, 'Seitán', 'proteina', 'Proteína vegetal a base de gluten.', 143.00, 25.00, 8.00, 2.00, 7.50, NULL),
(37, 'Pan Integral', 'cereal', 'Pan rico en fibra.', 247.00, 11.00, 41.00, 4.00, 3.50, NULL),
(38, 'Pasta Integral', 'cereal', 'Pasta de trigo integral.', 348.00, 13.00, 72.00, 2.00, 2.00, NULL),
(39, 'Arroz Basmati', 'cereal', 'Arroz aromático de grano largo.', 365.00, 7.00, 78.00, 1.00, 1.80, NULL),
(40, 'Cuscús Integral', 'cereal', 'Sémola de trigo integral.', 376.00, 13.00, 72.00, 2.00, 2.20, NULL),
(41, 'Bulgur', 'cereal', 'Trigo partido muy nutritivo.', 342.00, 12.00, 76.00, 1.00, 2.10, NULL),
(42, 'Copos de Maíz', 'cereal', 'Cereal de desayuno.', 357.00, 8.00, 84.00, 1.00, 3.00, NULL),
(43, 'Avena Instantánea', 'cereal', 'Avena de cocción rápida.', 389.00, 17.00, 66.00, 7.00, 2.60, NULL),
(44, 'Yogur Griego Light', 'lacteo', 'Yogur alto en proteína y bajo en grasa.', 59.00, 10.00, 3.00, 0.00, 4.00, NULL),
(45, 'Queso Fresco Batido 0%', 'lacteo', 'Muy alto en proteína y sin grasa.', 47.00, 9.00, 3.00, 0.00, 4.50, NULL),
(46, 'Salmón Ahumado', 'proteina', 'Pescado rico en omega-3.', 180.00, 25.00, 0.00, 10.00, 18.00, NULL),
(47, 'Atún en Agua', 'proteina', 'Pescado magro alto en proteína.', 116.00, 26.00, 1.00, 1.00, 12.00, NULL),
(48, 'Sardinas', 'proteina', 'Ricas en calcio y omega-3.', 208.00, 25.00, 0.00, 11.00, 7.00, NULL),
(49, 'Mejillones', 'proteina', 'Marisco rico en minerales.', 172.00, 24.00, 6.00, 4.00, 6.50, NULL),
(50, 'Quinoa Cocida', 'cereal', 'Pseudo cereal rico en proteína.', 120.00, 4.00, 21.00, 2.00, 7.00, NULL),
(51, 'Patata Cocida', 'vegetal', 'Tubérculo rico en carbohidratos.', 87.00, 2.00, 20.00, 0.00, 1.20, NULL),
(52, 'Boniato', 'vegetal', 'Alto en vitaminas y carbohidratos complejos.', 86.00, 1.60, 20.00, 0.10, 1.80, NULL),
(53, 'Plátano', 'fruta', 'Alto en potasio y energía.', 89.00, 1.00, 23.00, 0.00, 1.40, NULL),
(54, 'Manzana', 'fruta', 'Fruta baja en calorías.', 52.00, 0.00, 14.00, 0.00, 1.20, NULL),
(55, 'Arándanos', 'fruta', 'Ricos en antioxidantes.', 57.00, 0.00, 14.00, 0.00, 8.00, NULL),
(56, 'Nueces', 'fruto_seco', 'Altas en grasas saludables.', 654.00, 15.00, 14.00, 65.00, 12.00, NULL),
(57, 'Almendras', 'fruto_seco', 'Fuente de grasas saludables.', 579.00, 21.00, 22.00, 50.00, 10.00, NULL),
(58, 'Anacardos', 'fruto_seco', 'Grasa saludable y buen sabor.', 553.00, 18.00, 30.00, 44.00, 9.00, NULL),
(59, 'Pistachos', 'fruto_seco', 'Ricos en proteína y fibra.', 560.00, 20.00, 28.00, 45.00, 14.00, NULL),
(60, 'Miel', 'azucar', 'Endulzante natural.', 304.00, 0.00, 82.00, 0.00, 6.00, NULL),
(61, 'Aceite de Oliva', 'grasa', 'Grasa saludable ideal para cocinar.', 884.00, 0.00, 0.00, 100.00, 7.00, NULL),
(62, 'Cacahuetes Tostados', 'fruto_seco', 'Fuente de grasas y proteína.', 567.00, 26.00, 16.00, 49.00, 6.00, NULL),
(63, 'Tortitas de Arroz', 'cereal', 'Snack ligero.', 387.00, 8.00, 81.00, 3.00, 3.00, NULL),
(64, 'Crema de Cacahuete', 'grasa', 'Alta en proteína y grasas saludables.', 588.00, 25.00, 20.00, 50.00, 7.00, NULL),
(65, 'Leche Entera', 'lacteo', 'Bebida rica en calcio.', 61.00, 3.00, 5.00, 3.00, 1.00, NULL),
(66, 'Leche Semidesnatada', 'lacteo', 'Menos grasa que la entera.', 47.00, 3.00, 5.00, 1.00, 1.00, NULL),
(67, 'Leche de Avena', 'bebida', 'Bebida vegetal.', 43.00, 1.00, 7.00, 1.00, 2.20, NULL),
(68, 'Leche de Almendra', 'bebida', 'Baja en calorías.', 15.00, 0.60, 0.30, 1.20, 2.50, NULL),
(69, 'Espinacas', 'vegetal', 'Hojas verdes ricas en hierro.', 23.00, 2.90, 3.60, 0.40, 1.50, NULL),
(70, 'Brócoli', 'vegetal', 'Alto en fibra y vitaminas.', 34.00, 3.00, 7.00, 0.00, 1.80, NULL),
(71, 'Zanahoria', 'vegetal', 'Rica en vitamina A.', 41.00, 1.00, 10.00, 0.00, 1.20, NULL),
(72, 'Calabacín', 'vegetal', 'Muy bajo en calorías.', 17.00, 1.20, 3.10, 0.30, 1.30, NULL),
(73, 'Pimiento Rojo', 'vegetal', 'Muy rico en vitamina C.', 31.00, 1.00, 6.00, 0.00, 1.80, NULL),
(74, 'Cebolla', 'vegetal', 'Base aromática para cocinar.', 40.00, 1.00, 9.00, 0.00, 1.50, NULL),
(75, 'Ajo', 'vegetal', 'Potente antioxidante.', 149.00, 6.00, 33.00, 0.00, 4.00, NULL),
(76, 'Champiñones', 'vegetal', 'Bajos en calorías y ricos en minerales.', 22.00, 3.00, 3.00, 0.00, 3.00, NULL);


INSERT INTO `blog_posts` (`id`, `titulo`, `slug`, `extracto`, `contenido`, `imagen_portada`, `categoria`, `es_premium`, `destacado`, `fecha_publicacion`, `fecha_creacion`, `fecha_actualizacion`) VALUES
(1, 'Cómo empezar en el gym', 'empezar-gym', 'Guía  básica.', 'Empezar en el gimnasio puede parecer abrumador, pero todo se resume en tres pilares: constancia, técnica y progresión. Durante las primeras semanas evita cargar demasiado peso y céntrate en aprender los movimientos básicos: sentadilla, press de pecho, remo y peso muerto. Entrena tres días por semana con un día de descanso entre sesiones. Prioriza una buena postura, realiza siempre un calentamiento de 5–10 minutos y finaliza con estiramientos suaves. Lo más importante es crear el hábito: aunque sea una sesión corta, cumple tus días marcados. Cuando te sientas cómodo, empieza a aumentar cargas poco a poco y lleva un registro de tu progreso.', 'https://images.unsplash.com/photo-1593079831268-3381b0db4a77?q=80&w=1169&auto=format&fit=crop&ixlib=rb-4.1.0&ixid=M3wxMjA3fDB8MHxwaG90by1wYWdlfHx8fGVufDB8fHx8fA%3D%3D', 'noticias', 0, 1, '2025-12-06 20:28:42', '2025-12-06 20:28:42', '2025-12-07 11:49:55'),
(2, 'HIIT para perder grasa', 'hiit-grasa', 'Entrena HIIT.', 'El entrenamiento HIIT (High Intensity Interval Training) se basa en alternar periodos cortos de esfuerzo máximo con descansos breves. Su eficacia para perder grasa se debe al efecto EPOC, que provoca que el cuerpo siga quemando calorías incluso horas después de terminar. Un ejemplo de rutina HIIT para principiantes sería: 30 segundos de sprint + 30 segundos de descanso durante 10 rondas. También puedes hacerlo con ejercicios como burpees, jumping jacks o mountain climbers. Realiza HIIT un máximo de 2–3 veces por semana para evitar el sobreentrenamiento y combínalo con entrenamiento de fuerza para mejores resultados.', 'https://images.unsplash.com/flagged/photo-1556746834-1cb5b8fabd54?q=80&w=1172&auto=format&fit=crop&ixlib=rb-4.1.0&ixid=M3wxMjA3fDB8MHxwaG90by1wYWdlfHx8fGVufDB8fHx8fA%3D%3D', 'entrenamiento', 1, 0, '2025-12-06 20:28:42', '2025-12-06 20:28:42', '2025-12-07 11:50:08'),
(6, 'Rutina de fuerza para principiantes', 'fuerza-principiantes', 'Empieza a ganar fuerza.', 'Una rutina de fuerza para principiantes debe ser simple, progresiva y segura. Lo ideal es usar un programa full-body tres veces por semana. Los ejercicios básicos son: sentadilla, press de pecho, remo con barra, peso muerto rumano, press militar y zancadas. Realiza 3 series de 8–12 repeticiones con un peso que te permita mantener buena técnica. Enfócate en aprender el patrón de movimiento antes de aumentar cargas. Descansa de 1 a 2 minutos entre series. El objetivo inicial no es levantar pesado, sino construir una base sólida que te permita progresar de manera constante sin lesiones.', 'https://images.unsplash.com/photo-1638536532686-d610adfc8e5c?q=80&w=1170&auto=format&fit=crop&ixlib=rb-4.1.0&ixid=M3wxMjA3fDB8MHxwaG90by1wYWdlfHx8fGVufDB8fHx8fA%3D%3D', 'entrenamiento', 0, 0, '2025-12-06 20:28:42', '2025-12-07 10:42:08', '2025-12-07 11:50:17'),
(7, 'Alimentos para aumentar masa muscular', 'alimentos-masa-muscular', 'Qué comer para crecer.', 'Para ganar masa muscular necesitas un superávit calórico moderado y una ingesta adecuada de proteína. Prioriza alimentos densos nutricionalmente: pollo, pavo, salmón, huevos, quinoa, avena, arroz, legumbres y frutos secos. Incluye entre 1,6 y 2,2 gramos de proteína por kilo de peso corporal al día. Añade carbohidratos complejos como batata, pasta integral o arroz para tener energía durante los entrenamientos. No olvides las grasas saludables procedentes de aguacate, aceite de oliva, nueces y semillas. Realiza 4–5 comidas al día y acompáñalas con agua suficiente para optimizar la digestión y el rendimiento.', 'https://plus.unsplash.com/premium_photo-1723377627996-1003fa5152cb?q=80&w=921&auto=format&fit=crop&ixlib=rb-4.1.0&ixid=M3wxMjA3fDB8MHxwaG90by1wYWdlfHx8fGVufDB8fHx8fA%3D%3D', 'nutricion', 1, 1, '2025-12-06 20:28:42', '2025-12-07 10:42:08', '2025-12-07 11:50:25'),
(8, 'Cardio inteligente: cuánto necesitas', 'cardio-inteligente', 'Evita el sobreentrenamiento.', 'El cardio inteligente consiste en ajustar la cantidad y el tipo de cardio según tu objetivo. Para perder grasa, se recomiendan 120–180 minutos semanales de cardio moderado o 2–3 sesiones de HIIT. Para mantenimiento, 90 minutos son suficientes. Para mejorar la salud cardiovascular, alterna entrenamientos suaves (caminar rápido, bici) con sesiones más intensas. Evita hacer cardio excesivo si tu meta es ganar masa muscular, ya que puede afectar al superávit calórico. Lo importante es elegir un tipo de cardio que disfrutes para garantizar la constancia.', 'https://images.unsplash.com/photo-1607962837359-5e7e89f86776?q=80&w=1170&auto=format&fit=crop&ixlib=rb-4.1.0&ixid=M3wxMjA3fDB8MHxwaG90by1wYWdlfHx8fGVufDB8fHx8fA%3D%3D', 'noticias', 0, 0, '2025-12-06 20:28:42', '2025-12-07 10:42:08', '2025-12-07 11:50:33'),
(9, 'Entrenamiento en casa sin material', 'entrenar-en-casa', 'Rutina completa sin equipo.', 'Entrenar en casa sin material es totalmente viable si usas ejercicios multiarticulares que trabajen todo el cuerpo. Una rutina recomendada sería: sentadillas, zancadas, flexiones, fondos en silla, plancha, mountain climbers y burpees. Realiza 3 rondas de 12–20 repeticiones cada una. Para aumentar intensidad, prueba variaciones como flexiones inclinadas, sentadillas a una pierna asistidas o planchas con elevación de piernas. Entrenar en casa requiere disciplina: fija un horario, elimina distracciones y crea un espacio de entrenamiento cómodo.', 'https://images.unsplash.com/photo-1599901860904-17e6ed7083a0?q=80&w=1170&auto=format&fit=crop&ixlib=rb-4.1.0&ixid=M3wxMjA3fDB8MHxwaG90by1wYWdlfHx8fGVufDB8fHx8fA%3D%3D', 'entrenamiento', 0, 1, '2025-12-06 20:28:42', '2025-12-07 10:42:08', '2025-12-07 11:50:48'),
(10, 'Cómo mejorar tu movilidad', 'mejorar-movilidad', 'Movilidad para todos.', 'La movilidad es clave para prevenir lesiones y mejorar el rendimiento deportivo. Dedica 10 minutos al día a trabajar movimientos articulares controlados (CARs) en cadera, hombro y columna. Añade estiramientos dinámicos antes de entrenar, como balanceos de pierna, rotaciones torácicas y movilidad de tobillo. Après de entrenar, utiliza estiramientos estáticos suaves de 20–30 segundos. Para progresar, combina movilidad con fortalecimiento: por ejemplo, sentadillas profundas, peso muerto rumano ligero y ejercicios de glúteo medio. La constancia es más importante que la intensidad.', 'https://plus.unsplash.com/premium_photo-1726826450313-bf8c427941e1?q=80&w=1170&auto=format&fit=crop&ixlib=rb-4.1.0&ixid=M3wxMjA3fDB8MHxwaG90by1wYWdlfHx8fGVufDB8fHx8fA%3D%3D', 'salud', 0, 0, '2025-12-06 20:28:42', '2025-12-07 10:42:08', '2025-12-07 11:51:05'),
(11, 'Suplementos que sí funcionan', 'suplementos-efectivos', 'Lo que realmente sirve.', 'Los suplementos no sustituyen una buena alimentación, pero pueden ayudar en el rendimiento y la recuperación. Los que realmente funcionan según la evidencia científica son: proteína whey (mejora la recuperación), creatina monohidrato (aumenta fuerza y masa muscular), cafeína (mejora el rendimiento y la concentración), omega-3 (salud cardiovascular) y vitamina D si tienes niveles bajos. Evita productos milagro o quemadores de grasa sin respaldo científico. La clave es tomar dosis adecuadas: creatina 3–5 g diarios, cafeína 2–3 mg/kg antes de entrenar.', 'https://images.unsplash.com/photo-1709976142774-ce1ef41a8378?q=80&w=1170&auto=format&fit=crop&ixlib=rb-4.1.0&ixid=M3wxMjA3fDB8MHxwaG90by1wYWdlfHx8fGVufDB8fHx8fA%3D%3D', 'nutricion', 1, 0, '2025-12-06 20:28:42', '2025-12-07 10:42:08', '2025-12-07 11:51:13'),
(12, 'Errores comunes en el gimnasio', 'errores-gimnasio', 'Evita estos fallos.', 'Los errores más comunes en el gimnasio incluyen: usar demasiada carga, realizar mala técnica, entrenar sin un plan, no descansar lo suficiente y copiar rutinas avanzadas sin tener la base. Otro error habitual es no llevar registro del progreso: si no controlas series, pesos y repeticiones, es difícil mejorar. Muchos principiantes también descuidan el calentamiento y la movilidad, aumentando el riesgo de lesión. Recuerda que el progreso llega con constancia, técnica correcta y una programación bien estructurada.', 'http://plus.unsplash.com/premium_photo-1726826450313-bf8c427941e1?q=80&w=1170&auto=format&fit=crop&ixlib=rb-4.1.0&ixid=M3wxMjA3fDB8MHxwaG90by1wYWdlfHx8fGVufDB8fHx8fA%3D%3D', 'noticias', 0, 1, '2025-12-06 20:28:42', '2025-12-07 10:42:08', '2025-12-07 11:51:20'),
(13, 'Cómo mantener la motivación', 'mantener-motivacion', 'Motívate cada día.', 'Mantener la motivación no depende solo de la fuerza de voluntad; necesitas un sistema. Define objetivos realistas, medibles y divididos en metas semanales. Lleva un registro visual del progreso, ya sea en fotos, cargas o medidas corporales. Entrena con música que te active y, si es posible, con un compañero. Cambia la rutina cada 6–8 semanas para evitar la monotonía. Recuerda que la motivación fluctúa; por eso es fundamental crear disciplina: incluso en los días malos, haz aunque sea una sesión corta.', 'https://images.unsplash.com/photo-1494959764136-6be9eb3c261e?q=80&w=1170&auto=format&fit=crop&ixlib=rb-4.1.0&ixid=M3wxMjA3fDB8MHxwaG90by1wYWdlfHx8fGVufDB8fHx8fA%3D%3D', 'salud', 0, 0, '2025-12-06 20:28:42', '2025-12-07 10:42:08', '2025-12-07 11:51:29');


INSERT INTO `calendario_usuario` (`id`, `usuario_id`, `dieta_id`, `entrenamiento_id`, `dia_semana`, `completado`, `fecha_asignacion`, `notas`) VALUES
(1, 1, 1, NULL, 'lunes', 0, '2025-01-06', 'Inicio programa'),
(2, 3, 1, NULL, 'martes', 0, '2025-01-07', 'Día de pierna'),
(3, 3, 2, 4, 'martes', 0, '2025-01-07', 'Hombros y core'),
(4, 3, 2, 8, 'viernes', 0, '2025-01-10', 'Lower body strength'),
(5, 6, 5, 6, 'lunes', 0, '2025-01-13', 'Upper push'),
(6, 6, 5, 7, 'miercoles', 0, '2025-01-15', 'Upper pull'),
(7, 6, 5, 8, 'viernes', 0, '2025-01-17', 'Lower strength'),
(8, 8, 6, 9, 'lunes', 0, '2025-01-13', 'Hipertrofia pecho'),
(9, 8, 6, 2, 'miercoles', 0, '2025-01-15', 'Espalda y bíceps'),
(10, 8, 6, 3, 'viernes', 0, '2025-01-17', 'Piernas'),
(11, 10, 4, 10, 'martes', 0, '2025-01-14', 'CrossFit funcional'),
(12, 10, 4, 11, 'jueves', 0, '2025-01-16', 'Movilidad'),
(13, 11, 3, 1, 'lunes', 0, '2025-12-06', 'Pecho y tríceps'),
(14, 11, 3, 2, 'martes', 0, '2025-12-07', 'Espalda y bíceps'),
(15, 11, 3, 3, 'miercoles', 0, '2025-12-08', 'Piernas completo'),
(16, 11, 3, 4, 'jueves', 0, '2025-12-09', 'Hombros y core'),
(17, 11, 3, 5, 'viernes', 0, '2025-12-10', 'Full body');


INSERT INTO `dias_ejercicios` (`id`, `dia_entrenamiento_id`, `ejercicio_id`, `series`, `repeticiones`, `descanso_segundos`, `notas`, `orden`) VALUES
(8, 8, 1, 4, 12, 90, 'Bajar controlado', 1),
(9, 8, 2, 3, 10, 60, 'Pecho y triceps', 2),
(10, 8, 9, 3, 12, 60, 'Espalda recta', 3),
(11, 8, 16, 3, 0, 45, '30-45 seg por lado', 4),
(12, 10, 3, 3, 10, 90, 'Cuidado con la lumbar', 1),
(13, 10, 13, 3, 12, 60, 'Hombros completos', 2),
(14, 10, 21, 3, 12, 60, 'No bloquear rodillas', 3),
(15, 12, 17, 4, 20, 45, 'Ritmo alto', 1),
(16, 12, 4, 3, 8, 90, 'Usar asistencia si es necesario', 2),
(17, 12, 18, 3, 30, 45, 'Cardio intenso', 3),
(18, 12, 5, 3, 15, 45, 'Congestin final', 4),
(19, 15, 49, 3, 12, 60, '', 1),
(20, 15, 50, 3, 12, 60, '', 2),
(21, 16, 57, 3, 12, 60, '', 1),
(22, 16, 8, 3, 12, 60, '', 2),
(23, 17, 4, 3, 12, 60, '', 1),
(24, 17, 9, 3, 12, 60, '', 2),
(25, 18, 5, 3, 12, 60, '', 1),
(26, 18, 14, 3, 12, 60, '', 2),
(27, 19, 42, 3, 12, 60, '', 1),
(28, 19, 62, 3, 12, 60, '', 2);

INSERT INTO `dias_entrenamiento` (`id`, `entrenamiento_id`, `dia_semana`, `concepto`, `es_descanso`, `orden`) VALUES
(1, 9, 1, 'Fullbody - nfasis Pierna', 0, 1),
(2, 9, 2, 'Caminata ligera o Descanso', 1, 2),
(3, 9, 3, 'Fullbody - nfasis Empuje', 0, 3),
(4, 9, 4, 'Descanso Total', 1, 4),
(5, 9, 5, 'Fullbody - Metablico', 0, 5),
(6, 9, 6, 'Actividad libre', 1, 6),
(7, 9, 7, 'Descanso', 1, 7),
(8, 10, 1, 'Fullbody - nfasis Pierna', 0, 1),
(9, 10, 2, 'Descanso Activo', 1, 2),
(10, 10, 3, 'Fullbody - nfasis Empuje', 0, 3),
(11, 10, 4, 'Descanso Total', 1, 4),
(12, 10, 5, 'Fullbody - Metablico', 0, 5),
(13, 10, 6, 'Actividad libre', 1, 6),
(14, 10, 7, 'Descanso', 1, 7),
(15, 11, 1, 'Piernas', 0, 1),
(16, 11, 2, 'Empuje', 0, 2),
(17, 11, 3, 'Tirón', 0, 3),
(18, 11, 4, 'Brazos', 0, 4),
(19, 11, 5, 'Full Body', 0, 5),
(20, 11, 6, '', 1, 6),
(21, 11, 7, '', 1, 7);


INSERT INTO `dietas` (`id`, `creador_id`, `asignado_a_usuario_id`, `nombre`, `descripcion`, `calorias_totales`, `proteinas_totales`, `carbohidratos_totales`, `grasas_totales`, `es_publica`, `valoracion_promedio`, `total_valoraciones`, `fecha_creacion`) VALUES
(1, 2, 1, 'Definición', 'Dieta para perder grasa.', 1800, NULL, NULL, NULL, 1, 0.00, 0, '2025-12-06 20:28:04'),
(2, 3, 3, 'Volumen', 'Dieta para ganar masa.', 2600, 180.00, 320.00, 70.00, 1, 0.00, 0, '2025-12-06 20:28:04'),
(3, 1, 1, 'Dieta Ana - Definición Semana 1', 'Dieta semanal para definición suave con 5 comidas/día.', 1900, NULL, NULL, NULL, 1, 0.00, 0, '2025-12-06 21:09:41'),
(4, 1, 10, 'Dieta Volumen Hugo', 'Plan personalizado', 2600, 195.00, 255.00, 77.00, 0, 0.00, 0, '2025-12-06 22:39:57'),
(5, 2, 1, 'Definición', 'Dieta para perder grasa.', 1800, NULL, NULL, NULL, 1, 0.00, 0, '2025-12-06 20:28:04'),
(6, 3, 3, 'Volumen', 'Dieta para ganar masa.', 2600, 180.00, 320.00, 70.00, 1, 0.00, 0, '2025-12-06 20:28:04'),
(7, 1, 1, 'Dieta Ana - Definición Semana 1', 'Dieta semanal para definición suave con 5 comidas/día', 1900, NULL, NULL, NULL, 1, 0.00, 0, '2025-12-06 21:09:41'),
(8, 1, 10, 'Dieta Volumen Hugo', 'Plan personalizado', 2600, 195.00, 255.00, 77.00, 0, 0.00, 0, '2025-12-06 22:39:57'),
(9, 4, 6, 'Dieta Equilibrada - Mantenimiento', 'Plan balanceado para mantener peso y salud óptima', 2200, 140.00, 270.00, 75.00, 1, 0.00, 0, '2025-12-07 10:00:00'),
(10, 5, 8, 'Dieta Alta en Proteína - Deportistas', 'Plan rico en proteínas para deportistas activos', 2800, 210.00, 300.00, 85.00, 1, 0.00, 0, '2025-12-07 10:30:00');


INSERT INTO `dieta_platos` (`id`, `dieta_id`, `plato_id`, `dia_semana`, `tipo_comida`, `orden`, `notas`) VALUES
(1, 1, 1, 'lunes', 'almuerzo', 1, NULL),
(2, 1, 2, 'lunes', 'desayuno', 2, NULL),
(3, 2, 3, 'martes', 'cena', 1, NULL),
(4, 3, 5, 'lunes', 'desayuno', 1, 'Bol de avena con frutas.'),
(5, 3, 6, 'lunes', 'media_manana', 2, 'Yogur con frutos secos.'),
(6, 3, 8, 'lunes', 'almuerzo', 3, 'Ensalada de pollo y quinoa.'),
(7, 3, 7, 'lunes', 'merienda', 4, 'Fruta variada.'),
(8, 3, 9, 'lunes', 'cena', 5, 'Bowl de salmón y arroz integral.'),
(9, 3, 4, 'martes', 'desayuno', 1, 'Tostadas aguacate y huevo.'),
(10, 3, 7, 'martes', 'media_manana', 2, 'Fruta variada.'),
(11, 3, 14, 'martes', 'almuerzo', 3, 'Wrap integral de pollo y verduras.'),
(12, 3, 6, 'martes', 'merienda', 4, 'Yogur con frutos secos.'),
(13, 3, 10, 'martes', 'cena', 5, 'Merluza al horno con verduras.'),
(14, 3, 5, 'miercoles', 'desayuno', 1, 'Bol de avena.'),
(15, 3, 6, 'miercoles', 'media_manana', 2, 'Yogur con frutos secos.'),
(16, 3, 15, 'miercoles', 'almuerzo', 3, 'Ensalada de garbanzos y atún.'),
(17, 3, 7, 'miercoles', 'merienda', 4, 'Fruta variada.'),
(18, 3, 11, 'miercoles', 'cena', 5, 'Tortilla + ensalada.'),
(19, 3, 4, 'jueves', 'desayuno', 1, 'Tostadas aguacate y huevo.'),
(20, 3, 7, 'jueves', 'media_manana', 2, 'Fruta variada.'),
(21, 3, 1, 'jueves', 'almuerzo', 3, 'Pollo con arroz (plato base).'),
(22, 3, 6, 'jueves', 'merienda', 4, 'Yogur con frutos secos.'),
(23, 3, 3, 'jueves', 'cena', 5, 'Salmón al horno.'),
(24, 3, 5, 'viernes', 'desayuno', 1, 'Bol de avena.'),
(25, 3, 6, 'viernes', 'media_manana', 2, 'Yogur con frutos secos.'),
(26, 3, 8, 'viernes', 'almuerzo', 3, 'Ensalada de pollo y quinoa.'),
(27, 3, 7, 'viernes', 'merienda', 4, 'Fruta variada.'),
(28, 3, 9, 'viernes', 'cena', 5, 'Bowl de salmón.'),
(29, 3, 4, 'sabado', 'desayuno', 1, 'Tostadas aguacate y huevo.'),
(30, 3, 7, 'sabado', 'media_manana', 2, 'Fruta variada.'),
(31, 3, 14, 'sabado', 'almuerzo', 3, 'Wrap integral de pollo.'),
(32, 3, 6, 'sabado', 'merienda', 4, 'Yogur con frutos secos.'),
(33, 3, 10, 'sabado', 'cena', 5, 'Merluza con verduras.'),
(34, 3, 5, 'domingo', 'desayuno', 1, 'Bol de avena.'),
(35, 3, 6, 'domingo', 'media_manana', 2, 'Yogur con frutos secos.'),
(36, 3, 15, 'domingo', 'almuerzo', 3, 'Ensalada de garbanzos y atún.'),
(37, 3, 7, 'domingo', 'merienda', 4, 'Fruta variada.'),
(38, 3, 11, 'domingo', 'cena', 5, 'Tortilla + ensalada.'),
(39, 4, 14, 'lunes', 'desayuno', 1, NULL),
(40, 4, 15, 'lunes', 'media_manana', 1, NULL),
(41, 4, 16, 'lunes', 'almuerzo', 1, NULL),
(42, 4, 19, 'lunes', 'post_entreno', 1, NULL),
(43, 4, 18, 'lunes', 'cena', 1, NULL),
(44, 4, 14, 'martes', 'desayuno', 1, NULL),
(45, 4, 16, 'martes', 'almuerzo', 1, NULL),
(46, 4, 18, 'martes', 'cena', 1, NULL),
(47, 4, 14, 'miercoles', 'desayuno', 1, NULL),
(48, 4, 16, 'miercoles', 'almuerzo', 1, NULL),
(49, 4, 18, 'miercoles', 'cena', 1, NULL),
(50, 4, 14, 'jueves', 'desayuno', 1, NULL),
(51, 4, 16, 'jueves', 'almuerzo', 1, NULL),
(52, 4, 18, 'jueves', 'cena', 1, NULL),
(53, 4, 14, 'viernes', 'desayuno', 1, NULL),
(54, 4, 16, 'viernes', 'almuerzo', 1, NULL),
(55, 4, 19, 'viernes', 'post_entreno', 1, NULL),
(56, 4, 18, 'viernes', 'cena', 1, NULL),
(57, 4, 14, 'sabado', 'desayuno', 1, NULL),
(58, 4, 16, 'sabado', 'almuerzo', 1, NULL),
(59, 4, 18, 'sabado', 'cena', 1, NULL),
(60, 4, 14, 'domingo', 'desayuno', 1, NULL),
(61, 4, 16, 'domingo', 'almuerzo', 1, NULL),
(62, 4, 18, 'domingo', 'cena', 1, NULL);


INSERT INTO `ejercicios` (`id`, `nombre`, `tipo`, `grupo_muscular`, `descripcion`, `video_url`, `nivel_dificultad`, `valoracion_promedio`, `total_valoraciones`) VALUES
(1, 'Sentadilla', 'fuerza', 'piernas', 'Básico de pierna.', NULL, 'intermedio', 0.00, 0),
(2, 'Press banca', 'fuerza', 'pecho', 'Empuje horizontal.', NULL, 'intermedio', 0.00, 0),
(3, 'Peso muerto', 'fuerza', 'espalda', 'Cadena posterior.', NULL, 'avanzado', 0.00, 0),
(4, 'Dominadas', 'fuerza', 'espalda', 'Tracción vertical.', NULL, 'avanzado', 0.00, 0),
(5, 'Curl bíceps', 'fuerza', 'brazos', 'Aislamiento bíceps.', NULL, 'facil', 0.00, 0),
(6, 'Press mancuerna plano', 'fuerza', 'pecho', 'Press con mancuernas en banco plano.', NULL, 'intermedio', 0.00, 0),
(7, 'Press mancuerna inclinado', 'fuerza', 'pecho', 'Enfoque en pecho superior.', NULL, 'intermedio', 0.00, 0),
(8, 'Aperturas con mancuernas', 'fuerza', 'pecho', 'Aísla el pecho.', NULL, 'intermedio', 0.00, 0),
(9, 'Remo con mancuerna', 'fuerza', 'espalda', 'Remo unilateral.', NULL, 'intermedio', 0.00, 0),
(10, 'Jalón al pecho', 'fuerza', 'espalda', 'Tracción guiada en polea.', NULL, 'facil', 0.00, 0),
(11, 'Face pull en polea', 'fuerza', 'hombros', 'Parte posterior del hombro.', NULL, 'facil', 0.00, 0),
(12, 'Elevaciones laterales', 'fuerza', 'hombros', 'Trabajo del deltoides lateral.', NULL, 'facil', 0.00, 0),
(13, 'Press Arnold', 'fuerza', 'hombros', 'Variación de press hombro.', NULL, 'intermedio', 0.00, 0),
(14, 'Curl martillo', 'fuerza', 'brazos', 'Bíceps y braquial.', NULL, 'facil', 0.00, 0),
(15, 'Press francés', 'fuerza', 'brazos', 'Tríceps en banco.', NULL, 'intermedio', 0.00, 0),
(16, 'Plancha lateral', 'core', 'core', 'Core y oblicuos.', NULL, 'facil', 0.00, 0),
(17, 'Mountain climbers', 'cardio', 'fullbody', 'Ejercicio dinámico de core.', NULL, 'intermedio', 0.00, 0),
(18, 'Jumping jacks', 'cardio', 'fullbody', 'Cardio básico.', NULL, 'facil', 0.00, 0),
(19, 'Sprints en cinta', 'cardio', 'piernas', 'Intervalos de carrera.', NULL, 'avanzado', 0.00, 0),
(20, 'Peso muerto rumano', 'fuerza', 'piernas', 'Isquios y glúteos.', NULL, 'intermedio', 0.00, 0),
(21, 'Prensa de pierna', 'fuerza', 'piernas', 'Máquina de pierna.', NULL, 'facil', 0.00, 0),
(22, 'Abductor en máquina', 'fuerza', 'gluteos', 'Glúteo medio en máquina.', NULL, 'facil', 0.00, 0),
(23, 'Crunch en polea', 'core', 'core', 'Abdomen con carga.', NULL, 'intermedio', 0.00, 0),
(24, 'Plancha con apoyo en fitball', 'core', 'core', 'Mayor inestabilidad.', NULL, 'avanzado', 0.00, 0),
(25, 'Remo invertido', 'fuerza', 'espalda', 'Remo con peso corporal.', NULL, 'intermedio', 0.00, 0),
(26, 'Burpees', 'workout', 'Full Body', 'Ejercicio explosivo que combina salto, flexión y sentadilla.', NULL, 'intermedio', 0.00, 0),
(27, 'Burpee Box Jump', 'workout', 'Full Body', 'Burpee seguido de salto sobre caja.', NULL, 'avanzado', 0.00, 0),
(28, 'Mountain Climbers', 'workout', 'Core', 'Ejercicio rápido que simula escalada.', NULL, 'intermedio', 0.00, 0),
(29, 'High Knees', 'workout', 'Piernas', 'Elevación rápida de rodillas en el sitio.', NULL, 'fácil', 0.00, 0),
(30, 'Jumping Jacks', 'workout', 'Full Body', 'Ejercicio aeróbico clásico de saltos coordinados.', NULL, 'fácil', 0.00, 0),
(31, 'Sprint 50m', 'workout', 'Piernas', 'Carrera explosiva a máxima velocidad.', NULL, 'avanzado', 0.00, 0),
(32, 'Sprint Intervalos', 'workout', 'Piernas', 'Ciclos de sprint y descanso.', NULL, 'intermedio', 0.00, 0),
(33, 'Skips Running Drill', 'workout', 'Piernas', 'Técnica de carrera con elevaciones.', NULL, 'intermedio', 0.00, 0),
(34, 'Running Técnico (Pose Method)', 'workout', 'Piernas', 'Ejercicio para mejorar técnica de carrera.', NULL, 'intermedio', 0.00, 0),
(35, 'Zancadas Saltando', 'workout', 'Piernas', 'Lunges explosivos con salto.', NULL, 'avanzado', 0.00, 0),
(36, 'Squat Jumps', 'workout', 'Piernas', 'Sentadilla con salto vertical potente.', NULL, 'intermedio', 0.00, 0),
(37, 'Box Jump', 'workout', 'Piernas', 'Salto pliométrico sobre caja.', NULL, 'intermedio', 0.00, 0),
(38, 'Kettlebell Swing', 'workout', 'Cadera', 'Movimiento balístico con pesa rusa.', NULL, 'intermedio', 0.00, 0),
(39, 'Kettlebell Clean', 'workout', 'Full Body', 'Movimiento técnico con kettlebell hasta el rack.', NULL, 'avanzado', 0.00, 0),
(40, 'Kettlebell Snatch', 'workout', 'Full Body', 'Movimiento explosivo encima de la cabeza.', NULL, 'avanzado', 0.00, 0),
(41, 'Wall Ball Shots', 'workout', 'Full Body', 'Lanzamiento de balón medicinal a la pared.', NULL, 'intermedio', 0.00, 0),
(42, 'Double Unders', 'workout', 'Full Body', 'Saltos con cuerda pasando dos veces por salto.', NULL, 'avanzado', 0.00, 0),
(43, 'Single Unders', 'workout', 'Full Body', 'Saltos básicos con cuerda.', NULL, 'fácil', 0.00, 0),
(44, 'Bear Crawl', 'workout', 'Full Body', 'Desplazamiento en cuadrupedia.', NULL, 'intermedio', 0.00, 0),
(45, 'Crab Walk', 'workout', 'Full Body', 'Desplazamiento hacia atrás apoyado en manos y pies.', NULL, 'intermedio', 0.00, 0),
(46, 'Handstand Hold', 'workout', 'Hombros', 'Mantener equilibrio en posición invertida.', NULL, 'avanzado', 0.00, 0),
(47, 'Handstand Walk', 'workout', 'Hombros', 'Caminar haciendo el pino.', NULL, 'avanzado', 0.00, 0),
(48, 'Capoeira Ginga', 'workout', 'Full Body', 'Movimiento básico de capoeira de balanceo.', NULL, 'fácil', 0.00, 0),
(49, 'Capoeira Meia Lua', 'workout', 'Piernas', 'Patada circular de capoeira.', NULL, 'intermedio', 0.00, 0),
(50, 'Capoeira Armada', 'workout', 'Piernas', 'Patada giratoria de alto impacto.', NULL, 'avanzado', 0.00, 0),
(51, 'Capoeira Au (Rueda Lateral)', 'workout', 'Full Body', 'Acrobacia lateral típica de capoeira.', NULL, 'intermedio', 0.00, 0),
(52, 'Zumba Salsa Step', 'workout', 'Cardio', 'Movimiento rítmico inspirado en salsa.', NULL, 'fácil', 0.00, 0),
(53, 'Zumba Reggaeton Step', 'workout', 'Cardio', 'Pasos explosivos con ritmo urbano.', NULL, 'intermedio', 0.00, 0),
(54, 'Zumba Merengue March', 'workout', 'Cardio', 'Movimiento rápido de marchado.', NULL, 'fácil', 0.00, 0),
(55, 'Zumba Cadera Twist', 'workout', 'Cadera', 'Movimientos circulares rápidos de cadera.', NULL, 'fácil', 0.00, 0),
(56, 'Battle Ropes - Ondas', 'workout', 'Full Body', 'Ondas con cuerdas de batalla.', NULL, 'intermedio', 0.00, 0),
(57, 'Battle Ropes - Slams', 'workout', 'Hombros', 'Golpes explosivos hacia el suelo.', NULL, 'avanzado', 0.00, 0),
(58, 'Farmer Walk', 'workout', 'Agarre', 'Caminata cargando peso a los lados.', NULL, 'intermedio', 0.00, 0),
(59, 'Sled Push', 'workout', 'Piernas', 'Empuje de trineo con peso.', NULL, 'avanzado', 0.00, 0),
(60, 'Sled Pull', 'workout', 'Piernas', 'Arrastre de trineo hacia atrás.', NULL, 'intermedio', 0.00, 0),
(61, 'Medicine Ball Slam', 'workout', 'Full Body', 'Golpe explosivo del balón contra el suelo.', NULL, 'intermedio', 0.00, 0),
(62, 'Turkish Get Up', 'workout', 'Full Body', 'Movimiento técnico con peso desde el suelo.', NULL, 'avanzado', 0.00, 0),
(63, 'Side Shuffle', 'workout', 'Piernas', 'Desplazamiento rápido lateral.', NULL, 'fácil', 0.00, 0),
(64, 'Ladder Drills (Agility)', 'workout', 'Piernas', 'Ejercicios de agilidad en escalera.', NULL, 'intermedio', 0.00, 0);


INSERT INTO `entrenadores` (`id`, `nombre`, `apellidos`, `email`, `password_hash`, `telefono`, `especialidad`, `certificacion`, `anos_experiencia`, `biografia`, `cv_url`, `foto_url`, `valoracion_promedio`, `total_valoraciones`, `precio_sesion_presencial`, `activo`, `estado_aplicacion`, `motivo_rechazo`, `fecha_aplicacion`) VALUES
(1, 'Carlos', 'Martínez', 'carlos.entrenador@example.com', '$2y$13$jtzo8aUdy7aH.HrNKnP.8O95eGH2gYf19Y34XoilPQy4LjGr3gkEW', '600123111', 'ambos', NULL, 5, 'Entrenador especializado en fuerza.', NULL, NULL, 0.00, 0, 35.00, 1, 'aprobado', NULL, NULL),
(2, 'Laura', 'Gómez', 'laura.entrenadora@example.com', '$2y$13$jtzo8aUdy7aH.HrNKnP.8O95eGH2gYf19Y34XoilPQy4LjGr3gkEW', '611234222', 'alimentacion', NULL, 7, 'Dietista enfocada en recomposición corporal.', NULL, NULL, 0.00, 0, 35.00, 1, 'aprobado', NULL, NULL),
(3, 'David', 'Ruiz', 'druiz@example.com', '$2y$13$jtzo8aUdy7aH.HrNKnP.8O95eGH2gYf19Y34XoilPQy4LjGr3gkEW', '622345333', 'entrenamiento', NULL, 3, 'Entrenador joven experto en hipertrofia.', NULL, NULL, 0.00, 0, 35.00, 1, 'aprobado', NULL, NULL),
(4, 'Marta', 'Santos', 'msantos@example.com', '$2y$13$jtzo8aUdy7aH.HrNKnP.8O95eGH2gYf19Y34XoilPQy4LjGr3gkEW', '633456444', 'ambos', NULL, 10, 'Especialista en pérdida de grasa.', NULL, NULL, 0.00, 0, 35.00, 1, 'aprobado', NULL, NULL),
(5, 'Jorge', 'López', 'jlopez@example.com', '$2y$13$jtzo8aUdy7aH.HrNKnP.8O95eGH2gYf19Y34XoilPQy4LjGr3gkEW', '644567555', 'entrenamiento', NULL, 8, 'Preparador físico general.', NULL, NULL, 0.00, 0, 35.00, 1, 'aprobado', NULL, NULL),
(6, 'Elena', 'Fernández', 'elena.f@example.com', '$2y$13$jtzo8aUdy7aH.HrNKnP.8O95eGH2gYf19Y34XoilPQy...', '655678666', 'ambos', NULL, 6, 'Entrenadora especializada en fitness y nutrición deportiva.', NULL, NULL, 0.00, 0, 40.00, 1, 'aprobado', NULL, NULL),
(7, 'Raúl', 'Jiménez', 'raul.j@example.com', '$2y$13$jtzo8aUdy7aH.HrNKnP.8O95eGH2gYf19Y34XoilPQy...', '666789777', 'entrenamiento', NULL, 12, 'Coach deportivo con experiencia en atletas de élite.', NULL, NULL, 0.00, 0, 50.00, 1, 'aprobado', NULL, NULL),
(8, 'Patricia', 'Morales', 'patricia.m@example.com', '$2y$13$jtzo8aUdy7aH.HrNKnP.8O95eGH2gYf19Y34XoilPQy...', '677890888', 'alimentacion', NULL, 9, 'Nutricionista deportiva especializada en dietas personalizadas.', NULL, NULL, 0.00, 0, 38.00, 1, 'aprobado', NULL, NULL),
(9, 'Alberto', 'Navarro', 'alberto.n@example.com', '$2y$13$jtzo8aUdy7aH.HrNKnP.8O95eGH2gYf19Y34XoilPQy...', '688901999', 'entrenamiento', NULL, 4, 'Entrenador funcional y de CrossFit.', NULL, NULL, 0.00, 0, 35.00, 1, 'aprobado', NULL, NULL),
(10, 'Cristina', 'Vega', 'cristina.v@example.com', '$2y$13$jtzo8aUdy7aH.HrNKnP.8O95eGH2gYf19Y34XoilPQy...', '699012000', 'ambos', NULL, 11, 'Experta en rehabilitación y entrenamiento personalizado.', NULL, NULL, 0.00, 0, 45.00, 1, 'aprobado', NULL, NULL);


INSERT INTO `entrenamientos` (`id`, `creador_id`, `creador_usuario_id`, `asignado_ausuario_id`, `nombre`, `descripcion`, `tipo`, `duracion_minutos`, `nivel_dificultad`, `es_publico`, `valoracion_promedio`, `total_valoraciones`, `fecha_creacion`) VALUES
(1, 1, NULL, 1, 'Ana - Fullbody 3 días', 'Rutina fullbody para definición', 'fuerza', 60, 'intermedio', 0, 0.00, 0, '2025-12-06 21:22:05'),
(2, 1, NULL, 1, 'Ana - Torso/Pierna 4 días', 'Programa torso / pierna', 'fuerza', 60, 'intermedio', 0, 0.00, 0, '2025-12-06 21:22:05'),
(3, 1, NULL, 1, 'Ana - Glúteos & Core 3 días', 'Enfoque en glúteos y abdomen', 'fuerza', 45, 'intermedio', 0, 0.00, 0, '2025-12-06 21:22:05'),
(4, 1, NULL, 1, 'Ana - HIIT 2 días', 'Sesiones cortas de alta intensidad', 'cardio', 25, 'intermedio', 0, 0.00, 0, '2025-12-06 21:22:05'),
(5, 1, NULL, 1, 'Ana - Fullbody 3 días', 'Rutina fullbody para definición', 'fuerza', 60, 'intermedio', 0, 0.00, 0, '2025-12-06 21:22:15'),
(6, 1, NULL, 1, 'Ana - Torso/Pierna 4 días', 'Programa torso / pierna', 'fuerza', 60, 'intermedio', 0, 0.00, 0, '2025-12-06 21:22:15'),
(7, 1, NULL, 1, 'Ana - Glúteos & Core 3 días', 'Enfoque en glúteos y abdomen', 'fuerza', 45, 'intermedio', 0, 0.00, 0, '2025-12-06 21:22:15'),
(8, 1, NULL, 1, 'Ana - HIIT 2 días', 'Sesiones cortas de alta intensidad', 'cardio', 25, 'intermedio', 0, 0.00, 0, '2025-12-06 21:22:15'),
(9, 1, NULL, NULL, 'Ana - Fullbody 3 das', 'Rutina de cuerpo completo enfocada en tonificacin y fuerza general. Realizar das alternos.', 'fuerza', 60, 'intermedio', 0, 0.00, 0, '2025-12-06 23:25:04'),
(10, 1, NULL, 1, 'Ana - Fullbody 3 das', 'Rutina de cuerpo completo enfocada en tonificacin y fuerza general. Realizar das alternos.', 'fuerza', 60, 'intermedio', 0, 0.00, 0, '2025-12-06 23:27:57'),
(11, NULL, 1, NULL, 'Plan Entrenamiento Ana', 'mi primer entrenamiento', 'gym', 60, 'intermedio', 0, 0.00, 0, '2025-12-07 00:44:48');


INSERT INTO `entrenamiento_ejercicios` (`id`, `entrenamiento_id`, `ejercicio_id`, `orden`, `series`, `repeticiones`, `descanso_segundos`, `notas`) VALUES
(6, 1, 1, 1, 4, '12', 90, 'Press banca - Mantener buenos ángulos'),
(7, 1, 5, 2, 3, '15', 60, 'Press inclinado - Contracción máxima'),
(8, 1, 8, 3, 3, '12', 60, 'Fondos en paralelas - Control del movimiento'),
(9, 1, 12, 4, 3, '15', 45, 'Tríceps en polea - Mantener tensión'),
(10, 1, 16, 5, 3, '20', 45, 'Extensiones tríceps - Forma perfecta'),
(11, 2, 3, 1, 4, '10', 90, 'Dominadas - Retracción escapular completa'),
(12, 2, 4, 2, 4, '12', 75, 'Remo con barra - Espalda recta'),
(13, 2, 7, 3, 3, '12', 60, 'Peso muerto - Técnica impecable'),
(14, 2, 10, 4, 3, '12', 60, 'Curl de bíceps - Sin balanceo'),
(15, 2, 14, 5, 3, '15', 45, 'Curl martillo - Control excéntrico'),
(16, 3, 6, 1, 4, '15', 120, 'Sentadillas - Profundidad completa'),
(17, 3, 9, 2, 4, '12', 90, 'Prensa de piernas - ROM completo'),
(18, 3, 18, 3, 3, '20', 60, 'Zancadas - Paso largo'),
(19, 3, 22, 4, 4, '15', 75, 'Peso muerto rumano - Isquios'),
(20, 3, 25, 5, 3, '20', 45, 'Elevación gemelos - Pausa arriba'),
(21, 4, 13, 1, 4, '12', 75, 'Press militar - Trayectoria vertical'),
(22, 4, 15, 2, 3, '15', 60, 'Elevaciones laterales - Control'),
(23, 4, 19, 3, 3, '12', 60, 'Remo al mentón - Codos altos'),
(24, 4, 28, 4, 3, '20', 45, 'Plancha abdominal - 60 segundos'),
(25, 4, 32, 5, 3, '20', 45, 'Crunch abdominal - Contracción completa'),
(26, 5, 1, 1, 3, '12', 75, 'Press banca - Calentamiento'),
(27, 5, 6, 2, 3, '15', 90, 'Sentadillas - Técnica perfecta'),
(28, 5, 3, 3, 3, '10', 75, 'Dominadas - Máxima intensidad'),
(29, 5, 13, 4, 3, '12', 60, 'Press militar - Fuerza'),
(30, 5, 28, 5, 3, '60', 45, 'Plancha - Core finalizador'),
(31, 6, 1, 1, 4, '10', 90, 'Press banca pesado'),
(32, 6, 5, 2, 3, '12', 75, 'Press inclinado'),
(33, 6, 13, 3, 4, '10', 75, 'Press militar'),
(34, 6, 15, 4, 3, '15', 60, 'Elevaciones laterales'),
(35, 6, 12, 5, 3, '12', 45, 'Tríceps finalizador'),
(36, 7, 3, 1, 4, '8', 90, 'Dominadas lastradas'),
(37, 7, 4, 2, 4, '10', 75, 'Remo con barra'),
(38, 7, 20, 3, 3, '12', 60, 'Remo en máquina'),
(39, 7, 10, 4, 3, '12', 60, 'Curl de bíceps'),
(40, 7, 14, 5, 3, '15', 45, 'Curl martillo'),
(41, 8, 6, 1, 5, '5', 180, 'Sentadillas pesadas'),
(42, 8, 7, 2, 4, '6', 150, 'Peso muerto'),
(43, 8, 9, 3, 3, '10', 90, 'Prensa de piernas'),
(44, 8, 22, 4, 3, '12', 75, 'Peso muerto rumano'),
(45, 8, 25, 5, 4, '15', 60, 'Gemelos'),
(46, 9, 1, 1, 4, '12', 75, 'Press banca'),
(47, 9, 5, 2, 4, '12', 75, 'Press inclinado'),
(48, 9, 11, 3, 3, '15', 60, 'Aperturas con mancuernas'),
(49, 9, 8, 4, 3, '12', 60, 'Fondos'),
(50, 9, 17, 5, 3, '15', 45, 'Cruces en polea'),
(51, 10, 30, 1, 5, '20', 60, 'Burpees - Máxima intensidad'),
(52, 10, 35, 2, 4, '30', 45, 'Mountain Climbers'),
(53, 10, 38, 3, 3, '15', 60, 'Box Jumps'),
(54, 10, 42, 4, 4, '20', 45, 'Kettlebell Swings'),
(55, 10, 45, 5, 3, '60', 30, 'Battle Ropes'),
(56, 11, 28, 1, 3, '60', 30, 'Plancha frontal'),
(57, 11, 33, 2, 3, '20', 45, 'Plancha lateral'),
(58, 11, 40, 3, 3, '15', 60, 'Bird Dog'),
(59, 11, 48, 4, 3, '12', 60, 'Puente glúteo'),
(60, 11, 52, 5, 3, '45', 45, 'Dead Bug');


INSERT INTO `historial_pagos` (`id`, `usuario_id`, `suscripcion_id`, `monto`, `moneda`, `metodo_pago`, `id_transaccion_externa`, `estado`, `descripcion`, `metadata`, `fecha_pago`, `fecha_actualizacion`) VALUES
(1, 1, 1, 29.99, 'EUR', 'tarjeta', 'TXN-ANA', 'completado', 'Primer pago', NULL, '2025-01-01 00:00:00', '2025-01-01 00:00:00'),
(2, 3, 2, 39.99, 'EUR', 'tarjeta', 'TXN-SARA', 'completado', 'Pago mensual', NULL, '2025-01-05 00:00:00', '2025-01-05 00:00:00'),
(3, 11, NULL, 19.99, 'EUR', 'tarjeta', 'TARJETA-4242-1765054309113', 'completado', 'Upgrade premium', NULL, '2025-12-06 20:51:53', '2025-12-06 20:51:53'),
(4, 2, NULL, 19.99, 'EUR', 'tarjeta', 'TARJETA-4224-1765054577040', 'completado', 'Upgrade premium', NULL, '2025-12-06 20:56:22', '2025-12-06 20:56:22'),
(5, 1, 1, 19.99, 'EUR', 'tarjeta', 'TXN-ANA-001', 'completado', 'Pago mensual premium', NULL, '2025-01-01 10:00:00', '2025-01-01 10:00:00'),
(6, 2, 2, 19.99, 'EUR', 'tarjeta', 'TXN-LUIS-001', 'completado', 'Upgrade premium', NULL, '2025-01-02 11:30:00', '2025-01-02 11:30:00'),
(7, 3, 3, 19.99, 'EUR', 'tarjeta', 'TXN-SARA-001', 'completado', 'Pago mensual premium', NULL, '2025-01-05 09:15:00', '2025-01-05 09:15:00'),
(8, 6, 4, 19.99, 'EUR', 'tarjeta', 'TXN-MARCO-001', 'completado', 'Pago mensual premium', NULL, '2025-01-10 14:20:00', '2025-01-10 14:20:00'),
(9, 8, 5, 19.99, 'EUR', 'tarjeta', 'TXN-PABLO-001', 'completado', 'Pago mensual premium', NULL, '2025-01-15 16:45:00', '2025-01-15 16:45:00'),
(10, 10, 6, 19.99, 'EUR', 'tarjeta', 'TXN-HUGO-001', 'completado', 'Pago mensual premium', NULL, '2025-01-20 12:30:00', '2025-01-20 12:30:00'),
(11, 11, 7, 19.99, 'EUR', 'tarjeta', 'TARJETA-4242-1765054309113', 'completado', 'Upgrade premium', NULL, '2025-12-06 20:51:53', '2025-12-06 20:51:53');

INSERT INTO `platos` (`id`, `creador_id`, `nombre`, `descripcion`, `instrucciones`, `imagen_url`, `tipo_comida`, `tiempo_preparacion`, `dificultad`, `calorias_totales`, `proteinas_totales`, `carbohidratos_totales`, `grasas_totales`, `es_publico`, `valoracion_promedio`, `total_valoraciones`, `fecha_creacion`) VALUES
(1, 1, 'Pollo con arroz', 'Equilibrado', 'Cocinar y mezclar.', NULL, 'almuerzo', NULL, 'facil', NULL, NULL, NULL, NULL, 1, 0.00, 0, '2025-12-06 20:27:30'),
(2, 2, 'Avena con plátano', 'Desayuno energético', 'Mezclar.', NULL, 'desayuno', NULL, 'facil', NULL, NULL, NULL, NULL, 1, 0.00, 0, '2025-12-06 20:27:30'),
(3, 3, 'Salmón al horno', 'Rico en omega 3', 'Hornear 20m.', NULL, 'cena', NULL, 'media', NULL, NULL, NULL, NULL, 1, 0.00, 0, '2025-12-06 20:27:30'),
(4, 1, 'Tostadas integrales con aguacate y huevo', 'Desayuno saciante.', 'Tostar pan, añadir aguacate y huevo a la plancha.', NULL, 'desayuno', NULL, 'facil', NULL, NULL, NULL, NULL, 1, 0.00, 0, '2025-12-06 21:09:41'),
(5, 1, 'Bol de avena con frutas y miel', 'Desayuno dulce.', 'Cocer avena y añadir plátano y fresas.', NULL, 'desayuno', NULL, 'facil', NULL, NULL, NULL, NULL, 1, 0.00, 0, '2025-12-06 21:09:41'),
(6, 2, 'Yogur griego con frutos secos', 'Snack proteico.', 'Mezclar yogur, almendras y nueces.', NULL, 'media_manana', NULL, 'facil', NULL, NULL, NULL, NULL, 1, 0.00, 0, '2025-12-06 21:09:41'),
(7, 2, 'Fruta variada (manzana y naranja)', 'Snack ligero.', 'Cortar fruta y servir.', NULL, 'media_manana', NULL, 'facil', NULL, NULL, NULL, NULL, 1, 0.00, 0, '2025-12-06 21:09:41'),
(8, 3, 'Ensalada de pollo y quinoa', 'Almuerzo completo.', 'Cocer quinoa, mezclar con pollo, tomate y lechuga.', NULL, 'almuerzo', NULL, 'media', NULL, NULL, NULL, NULL, 1, 0.00, 0, '2025-12-06 21:09:41'),
(9, 3, 'Bowl de salmón y arroz integral', 'Almuerzo alto en proteína.', 'Cocer arroz integral y añadir salmón a la plancha.', NULL, 'almuerzo', NULL, 'media', NULL, NULL, NULL, NULL, 1, 0.00, 0, '2025-12-06 21:09:41'),
(10, 4, 'Merluza al horno con verduras', 'Cena ligera.', 'Hornear merluza con brócoli y zanahoria.', NULL, 'cena', NULL, 'media', NULL, NULL, NULL, NULL, 1, 0.00, 0, '2025-12-06 21:09:41'),
(11, 4, 'Tortilla francesa con ensalada', 'Cena sencilla.', 'Hacer tortilla de huevo y acompañar con ensalada.', NULL, 'cena', NULL, 'facil', NULL, NULL, NULL, NULL, 1, 0.00, 0, '2025-12-06 21:09:41'),
(12, 5, 'Smoothie post-entreno de plátano y whey', 'Recuperación rápida.', 'Batir leche desnatada, plátano y proteína whey.', NULL, 'post_entreno', NULL, 'facil', NULL, NULL, NULL, NULL, 1, 0.00, 0, '2025-12-06 21:09:41'),
(13, 5, 'Requesón con miel y nueces', 'Post-entreno suave.', 'Mezclar requesón, miel y nueces.', NULL, 'post_entreno', NULL, 'facil', NULL, NULL, NULL, NULL, 1, 0.00, 0, '2025-12-06 21:09:41'),
(14, 1, 'Wrap integral de pollo y verduras', 'Almuerzo/ cena rápida.', 'Rellenar tortilla integral con pollo y verduras.', NULL, 'almuerzo', NULL, 'facil', NULL, NULL, NULL, NULL, 1, 0.00, 0, '2025-12-06 21:09:41'),
(15, 2, 'Ensalada de garbanzos y atún', 'Almuerzo frío.', 'Mezclar garbanzos cocidos, atún, tomate y pimiento.', NULL, 'almuerzo', NULL, 'facil', NULL, NULL, NULL, NULL, 1, 0.00, 0, '2025-12-06 21:09:41'),
(16, NULL, 'Surtido de platos', 'Plato personalizado', NULL, NULL, 'desayuno', NULL, 'media', 615.00, 43.00, 93.00, 6.60, 1, 0.00, 0, '2025-12-06 22:23:19'),
(17, NULL, 'Huevos revueltos con pan centeno', 'Plato personalizado', NULL, NULL, 'desayuno', NULL, 'media', 467.00, 26.00, 58.00, 14.00, 1, 0.00, 0, '2025-12-06 22:30:29'),
(18, NULL, 'Arroz con Pollo ', 'Plato personalizado', NULL, NULL, 'almuerzo', NULL, 'media', 530.00, 38.00, 76.00, 6.60, 1, 0.00, 0, '2025-12-06 22:31:52'),
(19, 1, 'Desayuno Campeón Hugo', 'Avena, huevos y fruta', NULL, NULL, 'desayuno', NULL, 'media', 550.00, 35.00, 65.00, 15.00, 1, 0.00, 0, '2025-12-06 22:39:57'),
(20, 1, 'Media Mañana Proteica', 'Batido y nueces', NULL, NULL, 'media_manana', NULL, 'media', 300.00, 25.00, 10.00, 15.00, 1, 0.00, 0, '2025-12-06 22:39:57'),
(21, 1, 'Almuerzo Pollo y Arroz', 'Clásico arroz con pollo', NULL, NULL, 'almuerzo', NULL, 'media', 700.00, 50.00, 80.00, 20.00, 1, 0.00, 0, '2025-12-06 22:39:57'),
(22, 1, 'Merienda Yogur', 'Yogur griego', NULL, NULL, 'merienda', NULL, 'media', 250.00, 15.00, 30.00, 5.00, 1, 0.00, 0, '2025-12-06 22:39:57'),
(23, 1, 'Cena Pescado', 'Merluza y verdura', NULL, NULL, 'cena', NULL, 'media', 450.00, 40.00, 20.00, 20.00, 1, 0.00, 0, '2025-12-06 22:39:57'),
(24, 1, 'Post-Entreno', 'Recuperador', NULL, NULL, 'post_entreno', NULL, 'media', 350.00, 30.00, 50.00, 2.00, 1, 0.00, 0, '2025-12-06 22:39:57'),
(25, 1, 'Salmon Especial ', 'Plato creado por entrenador', NULL, NULL, 'almuerzo', 12, 'dificil', 644.00, 39.00, 76.00, 19.00, 1, 0.00, 0, '2025-12-06 23:04:21');


INSERT INTO `plato_alimentos` (`id`, `plato_id`, `alimento_id`, `cantidad_gramos`, `orden`) VALUES
(1, 1, 1, 200.00, 1),
(2, 1, 2, 150.00, 2),
(3, 2, 4, 60.00, 1),
(4, 2, 5, 100.00, 2),
(5, 3, 3, 200.00, 1),
(6, 4, 18, 60.00, 1),
(7, 4, 11, 50.00, 2),
(8, 4, 5, 60.00, 3),
(9, 5, 4, 50.00, 1),
(10, 5, 6, 80.00, 2),
(11, 5, 18, 30.00, 3),
(12, 6, 12, 150.00, 1),
(13, 6, 13, 20.00, 2),
(14, 6, 9, 15.00, 3),
(15, 7, 7, 120.00, 1),
(16, 7, 19, 120.00, 2),
(17, 8, 1, 120.00, 1),
(18, 8, 1, 0.00, 2),
(19, 8, 10, 80.00, 3),
(20, 8, 11, 40.00, 4),
(21, 9, 3, 150.00, 1),
(22, 9, 2, 120.00, 2),
(23, 9, 8, 50.00, 3),
(24, 10, 3, 0.00, 1),
(25, 10, 8, 80.00, 2),
(26, 10, 12, 60.00, 3),
(27, 11, 5, 120.00, 1),
(28, 11, 16, 50.00, 2),
(29, 11, 10, 30.00, 3),
(30, 12, 6, 100.00, 1),
(31, 12, 17, 30.00, 2),
(32, 13, 17, 100.00, 1),
(33, 13, 5, 10.00, 2),
(34, 13, 9, 15.00, 3),
(35, 14, 1, 100.00, 1),
(36, 14, 18, 50.00, 2),
(37, 14, 10, 40.00, 3),
(38, 15, 19, 120.00, 1),
(39, 15, 15, 80.00, 2),
(40, 15, 10, 40.00, 3),
(41, 16, 1, 100.00, 1),
(42, 16, 2, 100.00, 2),
(43, 16, 15, 100.00, 3),
(44, 16, 23, 100.00, 4),
(45, 16, 11, 100.00, 5),
(46, 17, 5, 100.00, 1),
(47, 17, 21, 100.00, 2),
(48, 17, 15, 100.00, 3),
(49, 17, 11, 100.00, 4),
(50, 18, 1, 100.00, 1),
(51, 18, 2, 100.00, 2),
(52, 25, 3, 100.00, 1),
(53, 25, 6, 100.00, 2),
(54, 25, 16, 100.00, 3),
(55, 25, 15, 100.00, 4),
(56, 25, 11, 100.00, 5);



INSERT INTO `suscripciones` (`id`, `usuario_id`, `entrenador_asignado_id`, `fecha_inicio`, `fecha_fin`, `precio_mensual`, `estado`, `auto_renovacion`, `activa`, `fecha_creacion`) VALUES
(1, 1, 1, '2025-01-01', '2025-02-01', 29.99, 'activo', 1, 1, '2025-12-06 20:27:01'),
(2, 3, 2, '2025-01-05', '2025-02-05', 39.99, 'activo', 1, 1, '2025-12-06 20:27:01'),
(3, 6, 5, '2025-01-10', '2025-02-10', 29.99, 'activo', 1, 1, '2025-12-06 20:27:01'),
(4, 8, 3, '2025-01-15', '2025-02-15', 49.99, 'activo', 1, 1, '2025-12-06 20:27:01'),
(5, 10, 1, '2025-01-20', '2025-02-20', 29.99, 'activo', 1, 1, '2025-12-06 20:27:01'),
(6, 1, 1, '2025-01-01', '2025-02-01', 19.99, 'activo', 1, 1, '2025-12-06 20:27:01'),
(7, 2, 1, '2025-01-02', '2025-02-02', 19.99, 'activo', 1, 1, '2025-12-06 20:27:01'),
(8, 3, 2, '2025-01-05', '2025-02-05', 19.99, 'activo', 1, 1, '2025-12-06 20:27:01'),
(9, 6, 5, '2025-01-10', '2025-02-10', 19.99, 'activo', 1, 1, '2025-12-06 20:27:01'),
(10, 8, 3, '2025-01-15', '2025-02-15', 19.99, 'activo', 1, 1, '2025-12-06 20:27:01'),
(11, 10, 1, '2025-01-20', '2025-02-20', 19.99, 'activo', 1, 1, '2025-12-06 20:27:01'),
(12, 11, 4, '2025-12-06', '2026-01-06', 19.99, 'activo', 1, 1, '2025-12-06 20:51:10');


INSERT INTO `usuarios` (`id`, `entrenador_id`, `nombre`, `apellidos`, `email`, `password_hash`, `telefono`, `observaciones`, `objetivo`, `fecha_nacimiento`, `edad`, `peso_actual`, `altura`, `peso_objetivo`, `porcentaje_grasa`, `imc`, `nivel_actividad`, `calorias_diarias`, `notas_salud`, `es_premium`, `fecha_premium`, `rol`, `fecha_registro`, `ultima_conexion`, `sexo`) VALUES
(1, 1, 'Ana', 'Pérez', 'ana@example.com', '$2y$13$jtzo8aUdy7aH.HrNKnP.8O95eGH2gYf19Y34XoilPQy4LjGr3gkEW', '655111222', NULL, 'cuidar_alimentacion', NULL, NULL, NULL, NULL, NULL, NULL, NULL, 'ligero', NULL, NULL, 1, NULL, 'cliente', '2025-12-06 20:26:51', NULL, NULL),
(2, 1, 'Luis', 'Torres', 'luis@example.com', '$2y$13$jtzo8aUdy7aH.HrNKnP.8O95eGH2gYf19Y34XoilPQy4LjGr3gkEW', '655333444', NULL, 'ganar_musculo', NULL, NULL, NULL, NULL, NULL, NULL, NULL, 'moderado', NULL, NULL, 1, '2025-12-06', 'cliente', '2025-12-06 20:26:51', NULL, NULL),
(3, 2, 'Sara', 'Morales', 'sara@example.com', '$2y$13$jtzo8aUdy7aH.HrNKnP.8O95eGH2gYf19Y34XoilPQy4LjGr3gkEW', '655555666', NULL, 'perder_grasa', NULL, NULL, NULL, NULL, NULL, NULL, NULL, 'ligero', NULL, NULL, 1, NULL, 'cliente', '2025-12-06 20:26:51', NULL, NULL),
(4, 3, 'Pepe', 'Martín', 'pepe@example.com', '$2y$13$jtzo8aUdy7aH.HrNKnP.8O95eGH2gYf19Y34XoilPQy4LjGr3gkEW', '655777888', NULL, 'ganar_musculo', NULL, NULL, NULL, NULL, NULL, NULL, NULL, 'activo', NULL, NULL, 0, NULL, 'cliente', '2025-12-06 20:26:51', NULL, NULL),
(5, 4, 'Elena', 'Díaz', 'elena@example.com', '$2y$13$jtzo8aUdy7aH.HrNKnP.8O95eGH2gYf19Y34XoilPQy4LjGr3gkEW', '655999000', NULL, 'cuidar_alimentacion', NULL, NULL, NULL, NULL, NULL, NULL, NULL, 'ligero', NULL, NULL, 0, NULL, 'cliente', '2025-12-06 20:26:51', NULL, NULL),
(6, 5, 'Marco', 'Rivas', 'marco@example.com', '$2y$13$jtzo8aUdy7aH.HrNKnP.8O95eGH2gYf19Y34XoilPQy4LjGr3gkEW', '655444111', NULL, 'perder_grasa', NULL, NULL, NULL, NULL, NULL, NULL, NULL, 'ligero', NULL, NULL, 1, NULL, 'cliente', '2025-12-06 20:26:51', NULL, NULL),
(7, 2, 'Lucía', 'Navas', 'lucia@example.com', '$2y$13$jtzo8aUdy7aH.HrNKnP.8O95eGH2gYf19Y34XoilPQy4LjGr3gkEW', '655444222', NULL, 'ganar_musculo', NULL, NULL, NULL, NULL, NULL, NULL, NULL, 'moderado', NULL, NULL, 0, NULL, 'cliente', '2025-12-06 20:26:51', NULL, NULL),
(8, 3, 'Pablo', 'Rey', 'pablo@example.com', '$2y$13$jtzo8aUdy7aH.HrNKnP.8O95eGH2gYf19Y34XoilPQy4LjGr3gkEW', '655444333', NULL, 'ganar_musculo', NULL, NULL, NULL, NULL, NULL, NULL, NULL, 'ligero', NULL, NULL, 1, NULL, 'cliente', '2025-12-06 20:26:51', NULL, NULL),
(9, 4, 'Rosa', 'Gil', 'rosa@example.com', '$2y$13$jtzo8aUdy7aH.HrNKnP.8O95eGH2gYf19Y34XoilPQy4LjGr3gkEW', '655444444', NULL, 'perder_grasa', NULL, NULL, NULL, NULL, NULL, NULL, NULL, 'ligero', NULL, NULL, 0, NULL, 'cliente', '2025-12-06 20:26:51', NULL, NULL),
(10, 1, 'Hugo', 'Serrano', 'hugo@example.com', '$2y$13$jtzo8aUdy7aH.HrNKnP.8O95eGH2gYf19Y34XoilPQy4LjGr3gkEW', '655444555', NULL, 'cuidar_alimentacion', NULL, NULL, NULL, NULL, NULL, NULL, NULL, 'moderado', NULL, NULL, 1, NULL, 'cliente', '2025-12-06 20:26:51', NULL, NULL),
(11, 4, 'Aiman', 'Harrar Daoud', 'aimaninstituto2020@gmail.com', '$2y$13$TjQ0zAMMGktPjvrSm9Pl4Ox7fh5ae/OCYonQJf2zrbwSc2NbnHRWa', '633714372', NULL, 'ganancia_muscular', NULL, 21, 90.00, 185, 100.00, NULL, 26.30, 'moderado', 2731, 'No me gusta el pimiento', 1, '2025-12-06', 'cliente', '2025-12-06 20:51:10', NULL, 'masculino'),
(12, NULL, 'Admin', 'Principal', 'admin@email.com', '$2y$13$iA1wYIPbHpGfsRundt0pzufiSQg3KNxqevYy1UZPLZO7JnkZ/G.v6', NULL, NULL, 'cuidar_alimentacion', NULL, NULL, NULL, NULL, NULL, NULL, NULL, 'ligero', NULL, NULL, 0, NULL, 'admin', '2025-12-07 01:02:13', '2025-12-07 01:02:13', NULL),
(13, NULL, 'Admin2', 'Nator', 'admin2@email.com', '$2y$10$FZIoIUkt3B/h5vF.NXU80uPkPsxSqtgZ04zCkNcbROXTyKEjOgU66', '633772311', NULL, 'perdida_peso', NULL, 21, 89.00, 186, NULL, NULL, NULL, 'ligero', NULL, NULL, 0, NULL, 'admin', '2025-12-07 02:57:55', NULL, 'masculino');

